{"condition":"minecraft:alternative","terms":[{"condition":"minecraft:location_check","offsetX":0,"offsetY":-1,"offsetZ":0,"predicate":{"block":{"block":"minecraft:dispenser","state":{"facing":"up","triggered":"true"}}}},{"condition":"minecraft:location_check","offsetX":0,"offsetY":1,"offsetZ":0,"predicate":{"block":{"block":"minecraft:dispenser","state":{"facing":"down","triggered":"true"}}}},{"condition":"minecraft:location_check","offsetX":0,"offsetY":0,"offsetZ":1,"predicate":{"block":{"block":"minecraft:dispenser","state":{"facing":"north","triggered":"true"}}}},{"condition":"minecraft:location_check","offsetX":0,"offsetY":0,"offsetZ":-1,"predicate":{"block":{"block":"minecraft:dispenser","state":{"facing":"south","triggered":"true"}}}},{"condition":"minecraft:location_check","offsetX":-1,"offsetY":0,"offsetZ":0,"predicate":{"block":{"block":"minecraft:dispenser","state":{"facing":"east","triggered":"true"}}}},{"condition":"minecraft:location_check","offsetX":1,"offsetY":0,"offsetZ":0,"predicate":{"block":{"block":"minecraft:dispenser","state":{"facing":"west","triggered":"true"}}}}]}